{
  "properties": {
    "connectionReferences": {},
    "definition": {
      "$schema": "https://schema.management.azure.com/providers/Microsoft.Logic/schemas/2016-06-01/workflowdefinition.json#",
      "contentVersion": "1.0.0.0",
      "parameters": {
        "$authentication": {
          "defaultValue": {},
          "type": "SecureObject"
        }
      },
      "triggers": {
        "manual": {
          "metadata": {
            "operationMetadataId": "f9f71f73-6a81-4aaa-8bfd-343f5f2c2b8d"
          },
          "type": "Request",
          "kind": "Button",
          "inputs": {
            "schema": {
              "type": "object",
              "properties": {
                "text": {
                  "title": "Workspace Name",
                  "type": "string",
                  "x-ms-dynamically-added": true,
                  "description": "Please enter your input",
                  "x-ms-content-hint": "TEXT"
                },
                "text_1": {
                  "title": "Container Name",
                  "type": "string",
                  "x-ms-dynamically-added": true,
                  "description": "Please enter your input",
                  "x-ms-content-hint": "TEXT"
                },
                "text_2": {
                  "title": "Pipeline Name",
                  "type": "string",
                  "x-ms-dynamically-added": true,
                  "description": "Please enter your input",
                  "x-ms-content-hint": "TEXT"
                },
                "text_3": {
                  "title": "Entity Name",
                  "type": "string",
                  "x-ms-dynamically-added": true,
                  "description": "Please enter your input",
                  "x-ms-content-hint": "TEXT"
                },
                "boolean": {
                  "title": "Delete Deltas",
                  "type": "boolean",
                  "x-ms-dynamically-added": true,
                  "description": "Please select yes or no",
                  "x-ms-content-hint": "BOOLEAN"
                },
                "text_4": {
                  "title": "Sparkpool Name",
                  "type": "string",
                  "x-ms-dynamically-added": true,
                  "description": "Please enter your input",
                  "x-ms-content-hint": "TEXT"
                },
                "text_5": {
                  "title": "Bearer Token",
                  "type": "string",
                  "x-ms-dynamically-added": true,
                  "description": "Please enter your input",
                  "x-ms-content-hint": "TEXT"
                }
              },
              "required": [
                "text",
                "text_1",
                "text_2",
                "text_3",
                "boolean",
                "text_4",
                "text_5"
              ]
            }
          }
        }
      },
      "actions": {
        "Initialize_variable_-_Run_Id": {
          "runAfter": {},
          "metadata": {
            "operationMetadataId": "c560338b-425e-4a92-8ed8-4837d3b79198"
          },
          "type": "InitializeVariable",
          "inputs": {
            "variables": [
              {
                "name": "Run Id",
                "type": "string"
              }
            ]
          }
        },
        "Try_-_Enqueue_Azure_Synapse_Pipeline": {
          "actions": {
            "Compose_-_Payload_for_HTTP_call": {
              "runAfter": {},
              "metadata": {
                "operationMetadataId": "a320b0a7-2089-4fc1-ac33-7d9ac05aa9ad"
              },
              "type": "Compose",
              "inputs": {
                "containerName": "@triggerBody()['text_1']",
                "entityName": "@triggerBody()['text_3']",
                "deleteDeltas": "@triggerBody()['boolean']",
                "sparkpoolName": "@triggerBody()['text_4']"
              }
            },
            "HTTP_-_Create_Azure_Synapse_Pipeline_Run": {
              "runAfter": {
                "Compose_-_Payload_for_HTTP_call": [
                  "Succeeded"
                ]
              },
              "metadata": {
                "operationMetadataId": "e2fdf91e-bcb8-4ee2-bbda-2444c889b6c9"
              },
              "type": "Http",
              "inputs": {
                "method": "POST",
                "uri": "https://@{triggerBody()['text']}.dev.azuresynapse.net/pipelines/@{triggerBody()['text_2']}/createRun?api-version=2020-12-01",
                "headers": {
                  "Authorization": "@triggerBody()['text_5']"
                },
                "body": "@outputs('Compose_-_Payload_for_HTTP_call')"
              }
            },
            "Parse_JSON": {
              "runAfter": {
                "HTTP_-_Create_Azure_Synapse_Pipeline_Run": [
                  "Succeeded"
                ]
              },
              "metadata": {
                "operationMetadataId": "4abf816e-ce26-4ebe-bffc-2ef2c74163fc"
              },
              "type": "ParseJson",
              "inputs": {
                "content": "@body('HTTP_-_Create_Azure_Synapse_Pipeline_Run')",
                "schema": {
                  "type": "object",
                  "properties": {
                    "runId": {
                      "type": "string"
                    }
                  }
                }
              }
            },
            "Set_variable_-_Run_Id": {
              "runAfter": {
                "Parse_JSON": [
                  "Succeeded"
                ]
              },
              "metadata": {
                "operationMetadataId": "2e6b9774-1008-4465-bf4a-bb4f421be02a"
              },
              "type": "SetVariable",
              "inputs": {
                "name": "Run Id",
                "value": "@body('Parse_JSON')?['runId']"
              }
            }
          },
          "runAfter": {
            "Initialize_variable_-_Run_Id": [
              "Succeeded"
            ]
          },
          "metadata": {
            "operationMetadataId": "3ccf50ee-0c63-42b8-9965-1da7ae129ce7"
          },
          "type": "Scope"
        },
        "Catch_-_Handle_Exceptions": {
          "actions": {},
          "runAfter": {
            "Try_-_Enqueue_Azure_Synapse_Pipeline": [
              "Failed"
            ]
          },
          "metadata": {
            "operationMetadataId": "a9eed435-7e44-48a3-b947-b6fdad084670"
          },
          "type": "Scope"
        },
        "Finally_-_Response": {
          "actions": {
            "Respond_to_a_PowerApp_or_flow": {
              "runAfter": {},
              "metadata": {
                "operationMetadataId": "1f598fc8-1915-4ce3-a8f3-f26478aa48ea"
              },
              "type": "Response",
              "kind": "PowerApp",
              "inputs": {
                "statusCode": 200,
                "body": {
                  "run_id": "@variables('Run Id')"
                },
                "schema": {
                  "type": "object",
                  "properties": {
                    "run_id": {
                      "title": "Run Id",
                      "x-ms-dynamically-added": true,
                      "type": "string"
                    }
                  }
                }
              }
            }
          },
          "runAfter": {
            "Catch_-_Handle_Exceptions": [
              "Succeeded",
              "Skipped"
            ]
          },
          "metadata": {
            "operationMetadataId": "57ddc8eb-f71e-47cc-b24b-6641b484222b"
          },
          "type": "Scope"
        }
      }
    },
    "templateName": null
  },
  "schemaVersion": "1.0.0.0"
}